"relPath","bytes"
"content\meshes\TorontoHeartAtlas\repo\TorontoHeartAtlas-master\2018001\2018001-01\2018001-01HighRes\2018001MYO\2018001Myocard.obj","36802624"
"content\meshes\TorontoHeartAtlas\repo\TorontoHeartAtlas-master\2018001\2018001-01\2018001-01HighRes\2018001MYO\2018001myocardium.stl","133"
"content\meshes\TorontoHeartAtlas\repo\TorontoHeartAtlas-master\2018001\2018001-01\2018001-01HighRes\2018001MYO\lowPoly2018001.obj","239608"
"content\meshes\TorontoHeartAtlas\repo\TorontoHeartAtlas-master\2018001\2018001-01\2018001-01HighRes\2018001Myocard.obj","36802624"
"content\meshes\TorontoHeartAtlas\repo\TorontoHeartAtlas-master\2018001\2018001-01\2018001-01HighRes\aligned_aorta.obj","4218015"
"content\meshes\TorontoHeartAtlas\repo\TorontoHeartAtlas-master\2018001\2018001-01\2018001-01HighRes\aligned_la.obj","2766720"
"content\meshes\TorontoHeartAtlas\repo\TorontoHeartAtlas-master\2018001\2018001-01\2018001-01HighRes\aligned_lv.obj","1964673"
"content\meshes\TorontoHeartAtlas\repo\TorontoHeartAtlas-master\2018001\2018001-01\2018001-01HighRes\aligned_pa.obj","1319285"
"content\meshes\TorontoHeartAtlas\repo\TorontoHeartAtlas-master\2018001\2018001-01\2018001-01HighRes\aligned_ra.obj","4192752"
"content\meshes\TorontoHeartAtlas\repo\TorontoHeartAtlas-master\2018001\2018001-01\2018001-01Lowres\2018001Aortalowres.obj","1377519"
"content\meshes\TorontoHeartAtlas\repo\TorontoHeartAtlas-master\2018001\2018001-01\2018001-01Lowres\2018001LeftAtriumlowres.obj","1377524"
"content\meshes\TorontoHeartAtlas\repo\TorontoHeartAtlas-master\2018001\2018001-01\2018001-01Lowres\2018001LeftVentriclelowres.obj","1377527"
"content\meshes\TorontoHeartAtlas\repo\TorontoHeartAtlas-master\2018001\2018001-01\2018001-01Lowres\2018001PulmonaryArterylowres.obj","1377529"
"content\meshes\TorontoHeartAtlas\repo\TorontoHeartAtlas-master\2018001\2018001-01\2018001-01Lowres\2018001RightAtriumlowres.obj","1377525"
"content\meshes\TorontoHeartAtlas\repo\TorontoHeartAtlas-master\2018002\2018002-01\2018002-01HighRes\2018002MYO\lowPoly2018002.obj","1218426"
"content\meshes\TorontoHeartAtlas\repo\TorontoHeartAtlas-master\2018002\2018002-01\2018002-01HighRes\2018002MYO\singleColor2018002.obj","55897366"
"content\meshes\TorontoHeartAtlas\repo\TorontoHeartAtlas-master\2018002\2018002-01\2018002-01HighRes\aligned_aorta_TOF.obj","2672693"
"content\meshes\TorontoHeartAtlas\repo\TorontoHeartAtlas-master\2018002\2018002-01\2018002-01HighRes\aligned_la_TOF.obj","2468566"
"content\meshes\TorontoHeartAtlas\repo\TorontoHeartAtlas-master\2018002\2018002-01\2018002-01HighRes\aligned_lv_TOF.obj","1360314"
"content\meshes\TorontoHeartAtlas\repo\TorontoHeartAtlas-master\2018002\2018002-01\2018002-01HighRes\aligned_pa_TOF.obj","4504305"
"content\meshes\TorontoHeartAtlas\repo\TorontoHeartAtlas-master\2018002\2018002-01\2018002-01HighRes\aligned_ra_TOF.obj","1847246"
"content\meshes\TorontoHeartAtlas\repo\TorontoHeartAtlas-master\2018002\2018002-01\2018002-01HighRes\aligned_rv_TOF.obj","1132684"
"content\meshes\TorontoHeartAtlas\repo\TorontoHeartAtlas-master\2018002\2018002-01\2018002-01HighRes\lowPoly2018002.obj","1218426"
"content\meshes\TorontoHeartAtlas\repo\TorontoHeartAtlas-master\2018002\2018002-01\2018002-01Lowres\2018002-01Aortalowres.obj","1339616"
"content\meshes\TorontoHeartAtlas\repo\TorontoHeartAtlas-master\2018002\2018002-01\2018002-01Lowres\2018002-01LeftAtriumlowres.obj","1339621"
"content\meshes\TorontoHeartAtlas\repo\TorontoHeartAtlas-master\2018002\2018002-01\2018002-01Lowres\2018002-01LeftVentriclelowres.obj","1339624"
"content\meshes\TorontoHeartAtlas\repo\TorontoHeartAtlas-master\2018002\2018002-01\2018002-01Lowres\2018002-01PulmonaryArterylowres.obj","1339626"
"content\meshes\TorontoHeartAtlas\repo\TorontoHeartAtlas-master\2018002\2018002-01\2018002-01Lowres\2018002-01RightAtriumlowres.obj","1339622"
"content\meshes\TorontoHeartAtlas\repo\TorontoHeartAtlas-master\2018002\2018002-01\2018002-01Lowres\2018002-01RightVentriclelowres.obj","1339625"
"content\meshes\TorontoHeartAtlas\repo\TorontoHeartAtlas-master\2018003\2018003-01\2018003-01MYO\lowPoly2018003-01.obj","2017687"
"content\meshes\TorontoHeartAtlas\repo\TorontoHeartAtlas-master\2018003\2018003-01\2018003-01MYO\mediumPoly2018003-01.obj","28241423"
"content\meshes\TorontoHeartAtlas\repo\TorontoHeartAtlas-master\2018003\2018003-02\2018003-02HighRes\2018003_AO.obj","4463471"
"content\meshes\TorontoHeartAtlas\repo\TorontoHeartAtlas-master\2018003\2018003-02\2018003-02HighRes\2018003_LA.obj","2444768"
"content\meshes\TorontoHeartAtlas\repo\TorontoHeartAtlas-master\2018003\2018003-02\2018003-02HighRes\2018003_LV.obj","2739874"
"content\meshes\TorontoHeartAtlas\repo\TorontoHeartAtlas-master\2018003\2018003-02\2018003-02HighRes\2018003_PA.obj","2217901"
"content\meshes\TorontoHeartAtlas\repo\TorontoHeartAtlas-master\2018003\2018003-02\2018003-02HighRes\2018003_RA.obj","4964851"
"content\meshes\TorontoHeartAtlas\repo\TorontoHeartAtlas-master\2018003\2018003-02\2018003-02HighRes\2018003_RV.obj","6881818"
"content\meshes\TorontoHeartAtlas\repo\TorontoHeartAtlas-master\2018003\2018003-02\2018003-02HighRes\2018003-02MYO\lowPoly2018003-02.obj","2692265"
"content\meshes\TorontoHeartAtlas\repo\TorontoHeartAtlas-master\2018003\2018003-02\2018003-02HighRes\lowPoly2018003-01.obj","2017687"
"content\meshes\TorontoHeartAtlas\repo\TorontoHeartAtlas-master\2018003\2018003-02\2018003-02HighRes\lowPoly2018003-02.obj","2692265"
"content\meshes\TorontoHeartAtlas\repo\TorontoHeartAtlas-master\2018003\2018003-02\2018003-02LowRes\2018003-02Aortalowres.obj","2266112"
"content\meshes\TorontoHeartAtlas\repo\TorontoHeartAtlas-master\2018003\2018003-02\2018003-02LowRes\2018003-02PulmonaryArterylowres.obj","2266122"
"content\meshes\TorontoHeartAtlas\repo\TorontoHeartAtlas-master\2018003\2018003-02\2018003-02LowRes\2018003-02SubAorticAtriumlowres.obj","2266122"
"content\meshes\TorontoHeartAtlas\repo\TorontoHeartAtlas-master\2018003\2018003-02\2018003-02LowRes\2018003-02SubAorticlowres.obj","2266116"
"content\meshes\TorontoHeartAtlas\repo\TorontoHeartAtlas-master\2018003\2018003-02\2018003-02LowRes\2018003-02SubAorticVentriclelowres.obj","2266125"
"content\meshes\TorontoHeartAtlas\repo\TorontoHeartAtlas-master\2018003\2018003-02\2018003-02LowRes\2018003-02SubPulmonicAtriumlowres.obj","2266124"
"content\meshes\TorontoHeartAtlas\repo\TorontoHeartAtlas-master\2018003\2018003-02\2018003-02LowRes\2018003-02SubPulmonicVentriclelowres.obj","2266127"
"content\meshes\TorontoHeartAtlas\repo\TorontoHeartAtlas-master\2018004\2018004-01\2018004-01HighRes\2018004-01MYO\2018004-01.obj","21192938"
"content\meshes\TorontoHeartAtlas\repo\TorontoHeartAtlas-master\2018004\2018004-01\2018004-01HighRes\2018004-01MYO\lowPoly2018004-01.obj","1936756"
"content\meshes\TorontoHeartAtlas\repo\TorontoHeartAtlas-master\2018004\2018004-01\2018004-01HighRes\aligned_baffle_leak_ao.obj","3466783"
"content\meshes\TorontoHeartAtlas\repo\TorontoHeartAtlas-master\2018004\2018004-01\2018004-01HighRes\aligned_bf_ls.obj","3781847"
"content\meshes\TorontoHeartAtlas\repo\TorontoHeartAtlas-master\2018004\2018004-01\2018004-01HighRes\aligned_bf_pa.obj","4645707"
"content\meshes\TorontoHeartAtlas\repo\TorontoHeartAtlas-master\2018004\2018004-01\2018004-01HighRes\aligned_bf_rs.obj","5209683"
"content\meshes\TorontoHeartAtlas\repo\TorontoHeartAtlas-master\2018004\2018004-01\2018004-01LowRes\2018004-01BaffleLeakAortalowres.obj","3330744"
"content\meshes\TorontoHeartAtlas\repo\TorontoHeartAtlas-master\2018004\2018004-01\2018004-01LowRes\2018004-01BaffleLeakLeftSidelowres.obj","3330747"
"content\meshes\TorontoHeartAtlas\repo\TorontoHeartAtlas-master\2018004\2018004-01\2018004-01LowRes\2018004-01BaffleLeakPulmonicArterylowres.obj","3330753"
"content\meshes\TorontoHeartAtlas\repo\TorontoHeartAtlas-master\2018004\2018004-01\2018004-01LowRes\2018004-01BaffleLeakRightSidelowres.obj","3330748"
"content\meshes\TorontoHeartAtlas\repo\TorontoHeartAtlas-master\2018005\2018005_Aorta.stl","132"
"content\meshes\TorontoHeartAtlas\repo\TorontoHeartAtlas-master\2018005\2018005_Left_Atrium.stl","132"
"content\meshes\TorontoHeartAtlas\repo\TorontoHeartAtlas-master\2018005\2018005_Pulmonary_Artery.stl","132"
"content\meshes\TorontoHeartAtlas\repo\TorontoHeartAtlas-master\2018005\2018005_Right_Atrium.stl","132"
"content\meshes\TorontoHeartAtlas\repo\TorontoHeartAtlas-master\2018005\2018005_Subpulmonic_Morphologic_Left_Ventricle.stl","132"
"content\meshes\TorontoHeartAtlas\repo\TorontoHeartAtlas-master\2018005\2018005_Subpulmonic_Morphologic_Right_Ventricle.stl","132"
"content\meshes\TorontoHeartAtlas\repo\TorontoHeartAtlas-master\2018005\2018005-01\2018005-01HighRes\2018005-01MYO\2018005-01.obj","21471486"
"content\meshes\TorontoHeartAtlas\repo\TorontoHeartAtlas-master\2018005\2018005-01\2018005-01HighRes\2018005-01MYO\lowPoly2018005-01.obj","1938132"
"content\meshes\TorontoHeartAtlas\repo\TorontoHeartAtlas-master\2018005\2018005-01\2018005-01HighRes\lowPoly2018005-01.obj","1938132"
"content\meshes\TorontoHeartAtlas\repo\TorontoHeartAtlas-master\2018005\2018005-01\2018005-01HighRes\yasui_ao.obj","5222195"
"content\meshes\TorontoHeartAtlas\repo\TorontoHeartAtlas-master\2018005\2018005-01\2018005-01HighRes\yasui_la.obj","2345299"
"content\meshes\TorontoHeartAtlas\repo\TorontoHeartAtlas-master\2018005\2018005-01\2018005-01HighRes\yasui_lv.obj","3052006"
"content\meshes\TorontoHeartAtlas\repo\TorontoHeartAtlas-master\2018005\2018005-01\2018005-01HighRes\yasui_pa.obj","6450841"
"content\meshes\TorontoHeartAtlas\repo\TorontoHeartAtlas-master\2018005\2018005-01\2018005-01HighRes\yasui_ra.obj","2494511"
"content\meshes\TorontoHeartAtlas\repo\TorontoHeartAtlas-master\2018005\2018005-01\2018005-01HighRes\yasui_rv.obj","3530322"
"content\meshes\TorontoHeartAtlas\repo\TorontoHeartAtlas-master\2018005\2018005-01\2018005-01LowRes\2018005-01PulmonaryArterylowres.obj","4519418"
"content\meshes\TorontoHeartAtlas\repo\TorontoHeartAtlas-master\2018005\2018005-01\2018005-01LowRes\2018005-01RightAtriumlowres.obj","4519414"
"content\meshes\TorontoHeartAtlas\repo\TorontoHeartAtlas-master\2018005\2018005-01\2018005-01LowRes\2018005-01SubpulmonicMorphologicLeftVentriclelowres.obj","4519438"
"content\meshes\TorontoHeartAtlas\repo\TorontoHeartAtlas-master\2018005\2018005-01\2018005-01LowRes\2018005-01SubpulmonicMorphologicRightVentriclelowres.obj","4519439"
"content\meshes\TorontoHeartAtlas\repo\TorontoHeartAtlas-master\2018005\2018005-01\2018005-01LowRes\2018005-0Aorta1lowres.obj","4519408"
"content\meshes\TorontoHeartAtlas\repo\TorontoHeartAtlas-master\2018005\2018005-01\2018005-01LowRes\2018005-0LeftAtrium1lowres.obj","4519413"
"content\meshes\TorontoHeartAtlas\repo\TorontoHeartAtlas-master\2018007-01\lowPoly2018007.obj","5656308"
"content\meshes\TorontoHeartAtlas\repo\TorontoHeartAtlas-master\2018007-01\mediumPoly2018007.obj","2346540"
"content\meshes\TorontoHeartAtlas\repo\TorontoHeartAtlas-master\2018008\2018008-01\2018008-01HighRes\2018008_AO_Aligned.obj","3356983"
"content\meshes\TorontoHeartAtlas\repo\TorontoHeartAtlas-master\2018008\2018008-01\2018008-01HighRes\2018008_LALV_Aligned.obj","7935075"
"content\meshes\TorontoHeartAtlas\repo\TorontoHeartAtlas-master\2018008\2018008-01\2018008-01HighRes\2018008_PA_Aligned.obj","4530838"
"content\meshes\TorontoHeartAtlas\repo\TorontoHeartAtlas-master\2018008\2018008-01\2018008-01HighRes\2018008_RA_Aligned.obj","3596427"
"content\meshes\TorontoHeartAtlas\repo\TorontoHeartAtlas-master\2018008\2018008-01\2018008-01HighRes\2018008_RV_Aligned.obj","6657995"
"content\meshes\TorontoHeartAtlas\repo\TorontoHeartAtlas-master\2018008\2018008-01\2018008-01HighRes\2018008-01MYO\2018008-01.obj","15015243"
"content\meshes\TorontoHeartAtlas\repo\TorontoHeartAtlas-master\2018008\2018008-01\2018008-01HighRes\2018008-01MYO\lowPoly2018008.obj","955046"
"content\meshes\TorontoHeartAtlas\repo\TorontoHeartAtlas-master\2018008\2018008-01\2018008-01HighRes\2018008-01MYO\mediumPoly2018008.obj","955440"
"content\meshes\TorontoHeartAtlas\repo\TorontoHeartAtlas-master\2018008\2018008-01\2018008-01HighRes\lowPoly2018008.obj","955046"
"content\meshes\TorontoHeartAtlas\repo\TorontoHeartAtlas-master\2018008\2018008-01\2018008-01LowRes\2018008-01Aortalowres.obj","3169470"
"content\meshes\TorontoHeartAtlas\repo\TorontoHeartAtlas-master\2018008\2018008-01\2018008-01LowRes\2018008-01LeftSidelowres.obj","3169473"
"content\meshes\TorontoHeartAtlas\repo\TorontoHeartAtlas-master\2018008\2018008-01\2018008-01LowRes\2018008-01PulmonaryArterylowres.obj","3169480"
"content\meshes\TorontoHeartAtlas\repo\TorontoHeartAtlas-master\2018008\2018008-01\2018008-01LowRes\2018008-01RightAtriumlowres.obj","3169476"
"content\meshes\TorontoHeartAtlas\repo\TorontoHeartAtlas-master\2018008\2018008-01\2018008-01LowRes\2018008-01RightVentriclelowres.obj","3169479"
"content\meshes\TorontoHeartAtlas\repo\TorontoHeartAtlas-master\2018012\2018012-01\2018012-01HighRes\2018012_AO_Aligned.obj","6173357"
"content\meshes\TorontoHeartAtlas\repo\TorontoHeartAtlas-master\2018012\2018012-01\2018012-01HighRes\2018012_LA_Aligned.obj","4083568"
"content\meshes\TorontoHeartAtlas\repo\TorontoHeartAtlas-master\2018012\2018012-01\2018012-01HighRes\2018012_LV_Aligned.obj","3039331"
"content\meshes\TorontoHeartAtlas\repo\TorontoHeartAtlas-master\2018012\2018012-01\2018012-01HighRes\2018012_PA_Aligned.obj","3288409"
"content\meshes\TorontoHeartAtlas\repo\TorontoHeartAtlas-master\2018012\2018012-01\2018012-01HighRes\2018012_RA_Aligned.obj","3910679"
"content\meshes\TorontoHeartAtlas\repo\TorontoHeartAtlas-master\2018012\2018012-01\2018012-01HighRes\2018012_RV_Aligned.obj","2715813"
"content\meshes\TorontoHeartAtlas\repo\TorontoHeartAtlas-master\2018012\2018012-01\2018012-01LowRes\2018012-01Aortalowres.obj","1995970"
"content\meshes\TorontoHeartAtlas\repo\TorontoHeartAtlas-master\2018012\2018012-01\2018012-01LowRes\2018012-01LeftAtriumlowres.obj","1995975"
"content\meshes\TorontoHeartAtlas\repo\TorontoHeartAtlas-master\2018012\2018012-01\2018012-01LowRes\2018012-01LeftVentriclelowres.obj","1995978"
"content\meshes\TorontoHeartAtlas\repo\TorontoHeartAtlas-master\2018012\2018012-01\2018012-01LowRes\2018012-01PulmonaryArterylowres.obj","1995980"
"content\meshes\TorontoHeartAtlas\repo\TorontoHeartAtlas-master\2018012\2018012-01\2018012-01LowRes\2018012-01RightArterylowres.obj","1995976"
"content\meshes\TorontoHeartAtlas\repo\TorontoHeartAtlas-master\2018012\2018012-01\2018012-01LowRes\2018012-01RightVentriclelowres.obj","1995979"
"content\meshes\TorontoHeartAtlas\repo\TorontoHeartAtlas-master\2018013\2018013-01\2018013-01HighRes\2018013_AO_Aligned.obj","6135853"
"content\meshes\TorontoHeartAtlas\repo\TorontoHeartAtlas-master\2018013\2018013-01\2018013-01HighRes\2018013_LA_Aligned.obj","3980129"
"content\meshes\TorontoHeartAtlas\repo\TorontoHeartAtlas-master\2018013\2018013-01\2018013-01HighRes\2018013_LV_Aligned.obj","2681132"
"content\meshes\TorontoHeartAtlas\repo\TorontoHeartAtlas-master\2018013\2018013-01\2018013-01HighRes\2018013_PA_Aligned.obj","3029624"
"content\meshes\TorontoHeartAtlas\repo\TorontoHeartAtlas-master\2018013\2018013-01\2018013-01HighRes\2018013_RA_Aligned.obj","4674048"
"content\meshes\TorontoHeartAtlas\repo\TorontoHeartAtlas-master\2018013\2018013-01\2018013-01HighRes\2018013_RV_Aligned.obj","3438653"
"content\meshes\TorontoHeartAtlas\repo\TorontoHeartAtlas-master\2018013\2018013-01\2018013-01LowRes\2018013-01AortaLowres.obj","408155"
"content\meshes\TorontoHeartAtlas\repo\TorontoHeartAtlas-master\2018013\2018013-01\2018013-01LowRes\2018013-01LeftAtriumLowres.obj","408160"
"content\meshes\TorontoHeartAtlas\repo\TorontoHeartAtlas-master\2018013\2018013-01\2018013-01LowRes\2018013-01LeftVentricleLowres.obj","408163"
"content\meshes\TorontoHeartAtlas\repo\TorontoHeartAtlas-master\2018013\2018013-01\2018013-01LowRes\2018013-01PulmonaryArteryLowres.obj","408165"
"content\meshes\TorontoHeartAtlas\repo\TorontoHeartAtlas-master\2018013\2018013-01\2018013-01LowRes\2018013-01RightAtriumLowres.obj","408161"
"content\meshes\TorontoHeartAtlas\repo\TorontoHeartAtlas-master\2018013\2018013-01\2018013-01LowRes\2018013-01RightVentricleLowres.obj","408164"
"content\meshes\TorontoHeartAtlas\repo\TorontoHeartAtlas-master\2018014\2018014-01\2018014-01HighRes\2018014_AO_Aligned.obj","5618521"
"content\meshes\TorontoHeartAtlas\repo\TorontoHeartAtlas-master\2018014\2018014-01\2018014-01HighRes\2018014_LA_Aligned.obj","4244439"
"content\meshes\TorontoHeartAtlas\repo\TorontoHeartAtlas-master\2018014\2018014-01\2018014-01HighRes\2018014_LV_Aligned.obj","3762207"
"content\meshes\TorontoHeartAtlas\repo\TorontoHeartAtlas-master\2018014\2018014-01\2018014-01HighRes\2018014_PA_Aligned.obj","3714632"
"content\meshes\TorontoHeartAtlas\repo\TorontoHeartAtlas-master\2018014\2018014-01\2018014-01HighRes\2018014_RARV_ALIGNED.obj","10437208"
"content\meshes\TorontoHeartAtlas\repo\TorontoHeartAtlas-master\2018014\2018014-01\2018014-01LowRes\2018014-01Aortalowres.obj","501882"
"content\meshes\TorontoHeartAtlas\repo\TorontoHeartAtlas-master\2018014\2018014-01\2018014-01LowRes\2018014-01LeftAtriumlowres.obj","501887"
"content\meshes\TorontoHeartAtlas\repo\TorontoHeartAtlas-master\2018014\2018014-01\2018014-01LowRes\2018014-01LeftVentriclelowres.obj","501890"
"content\meshes\TorontoHeartAtlas\repo\TorontoHeartAtlas-master\2018014\2018014-01\2018014-01LowRes\2018014-01PulmonaryArterylowres.obj","501892"
"content\meshes\TorontoHeartAtlas\repo\TorontoHeartAtlas-master\2018014\2018014-01\2018014-01LowRes\2018014-01RightAtriumlowres.obj","501888"
"content\meshes\TorontoHeartAtlas\repo\TorontoHeartAtlas-master\2018014\2018014-01\2018014-01LowRes\2018014-01RightVentriclelowres.obj","501891"
"content\meshes\TorontoHeartAtlas\repo\TorontoHeartAtlas-master\2018015\2018015-01\2018015-01HighRes\2018015_AO_Aligned.obj","3698057"
"content\meshes\TorontoHeartAtlas\repo\TorontoHeartAtlas-master\2018015\2018015-01\2018015-01HighRes\2018015_LA_Aligned.obj","3347483"
"content\meshes\TorontoHeartAtlas\repo\TorontoHeartAtlas-master\2018015\2018015-01\2018015-01HighRes\2018015_LV_Aligned.obj","2570368"
"content\meshes\TorontoHeartAtlas\repo\TorontoHeartAtlas-master\2018015\2018015-01\2018015-01HighRes\2018015_PA_Aligned.obj","2461753"
"content\meshes\TorontoHeartAtlas\repo\TorontoHeartAtlas-master\2018015\2018015-01\2018015-01HighRes\2018015_RARV_Aligned.obj","5789231"
"content\meshes\TorontoHeartAtlas\repo\TorontoHeartAtlas-master\2018015\2018015-01\2018015-01LowRes\2018015-01Aortalowres.obj","321618"
"content\meshes\TorontoHeartAtlas\repo\TorontoHeartAtlas-master\2018015\2018015-01\2018015-01LowRes\2018015-01LeftAtriumlowres.obj","321623"
"content\meshes\TorontoHeartAtlas\repo\TorontoHeartAtlas-master\2018015\2018015-01\2018015-01LowRes\2018015-01LeftVentriclelowres.obj","321626"
"content\meshes\TorontoHeartAtlas\repo\TorontoHeartAtlas-master\2018015\2018015-01\2018015-01LowRes\2018015-01PulmonaryArterylowres.obj","321628"
"content\meshes\TorontoHeartAtlas\repo\TorontoHeartAtlas-master\2018015\2018015-01\2018015-01LowRes\2018015-01RightAtriumlowres.obj","321624"
"content\meshes\TorontoHeartAtlas\repo\TorontoHeartAtlas-master\2018015\2018015-01\2018015-01LowRes\2018015-01RightVentriclelowres.obj","321627"
"content\meshes\TorontoHeartAtlas\repo\TorontoHeartAtlas-master\2018016\2018016-01\2018016-01HighRes\marfan_ao.obj","4082124"
"content\meshes\TorontoHeartAtlas\repo\TorontoHeartAtlas-master\2018016\2018016-01\2018016-01HighRes\marfan_la.obj","5071085"
"content\meshes\TorontoHeartAtlas\repo\TorontoHeartAtlas-master\2018016\2018016-01\2018016-01HighRes\marfan_lv.obj","3701879"
"content\meshes\TorontoHeartAtlas\repo\TorontoHeartAtlas-master\2018016\2018016-01\2018016-01HighRes\marfan_pa.obj","3082537"
"content\meshes\TorontoHeartAtlas\repo\TorontoHeartAtlas-master\2018016\2018016-01\2018016-01HighRes\marfan_ra.obj","4831813"
"content\meshes\TorontoHeartAtlas\repo\TorontoHeartAtlas-master\2018016\2018016-01\2018016-01HighRes\marfan_rv.obj","13232051"
"content\meshes\TorontoHeartAtlas\repo\TorontoHeartAtlas-master\2018016\2018016-01\2018016-01LowRes\2018016-01Aortalowres.obj","3645640"
"content\meshes\TorontoHeartAtlas\repo\TorontoHeartAtlas-master\2018016\2018016-01\2018016-01LowRes\2018016-01LeftAtriumlowres.obj","3645645"
"content\meshes\TorontoHeartAtlas\repo\TorontoHeartAtlas-master\2018016\2018016-01\2018016-01LowRes\2018016-01LeftVentriclelowres.obj","3645648"
"content\meshes\TorontoHeartAtlas\repo\TorontoHeartAtlas-master\2018016\2018016-01\2018016-01LowRes\2018016-01PulmonaryArterylowres.obj","3645650"
"content\meshes\TorontoHeartAtlas\repo\TorontoHeartAtlas-master\2018016\2018016-01\2018016-01LowRes\2018016-01RightAtriumlowres.obj","3645646"
"content\meshes\TorontoHeartAtlas\repo\TorontoHeartAtlas-master\2018016\2018016-01\2018016-01LowRes\2018016-01RightVentriclelowres.obj","3645649"
"content\meshes\TorontoHeartAtlas\repo\TorontoHeartAtlas-master\2018017\2018017-01\2018017-01HighRes\extra_ao.obj","4026249"
"content\meshes\TorontoHeartAtlas\repo\TorontoHeartAtlas-master\2018017\2018017-01\2018017-01HighRes\extra_av.obj","8613435"
"content\meshes\TorontoHeartAtlas\repo\TorontoHeartAtlas-master\2018017\2018017-01\2018017-01HighRes\extra_vc.obj","5136313"
"content\meshes\TorontoHeartAtlas\repo\TorontoHeartAtlas-master\2018017\2018017-01\2018017-01LowRes\2018017-01Aortalowres.obj","3031979"
"content\meshes\TorontoHeartAtlas\repo\TorontoHeartAtlas-master\2018017\2018017-01\2018017-01LowRes\2018017-01AtriaVentriclelowres.obj","3031988"
"content\meshes\TorontoHeartAtlas\repo\TorontoHeartAtlas-master\2018017\2018017-01\2018017-01LowRes\2018017-01VenaCavalowres.obj","3031982"
"content\meshes\TorontoHeartAtlas\repo\TorontoHeartAtlas-master\2018018\2018018-01\2018018-01HighRes\2018018_AO_Aligned.obj","6656314"
"content\meshes\TorontoHeartAtlas\repo\TorontoHeartAtlas-master\2018018\2018018-01\2018018-01HighRes\2018018_LALV_Aligned.obj","5362385"
"content\meshes\TorontoHeartAtlas\repo\TorontoHeartAtlas-master\2018018\2018018-01\2018018-01HighRes\2018018_PA_Aligned.obj","7212666"
"content\meshes\TorontoHeartAtlas\repo\TorontoHeartAtlas-master\2018018\2018018-01\2018018-01HighRes\2018018_RARV_Aligned.obj","6537878"
"content\meshes\TorontoHeartAtlas\repo\TorontoHeartAtlas-master\2018018\2018018-01\2018018-01LowRes\2018018-01Aortalowres.obj","5004544"
"content\meshes\TorontoHeartAtlas\repo\TorontoHeartAtlas-master\2018018\2018018-01\2018018-01LowRes\2018018-01LeftSidelowres.obj","5004547"
"content\meshes\TorontoHeartAtlas\repo\TorontoHeartAtlas-master\2018018\2018018-01\2018018-01LowRes\2018018-01PulmonaryArterylowres.obj","5004554"
"content\meshes\TorontoHeartAtlas\repo\TorontoHeartAtlas-master\2018018\2018018-01\2018018-01LowRes\2018018-01RightSidelowres.obj","5004548"
"content\meshes\TorontoHeartAtlas\repo\TorontoHeartAtlas-master\2018018\2018018-01\2018018-01stl\2018018_ao_edited.stl","132"
"content\meshes\TorontoHeartAtlas\repo\TorontoHeartAtlas-master\2018018\2018018-01\2018018-01stl\2018018_left_edited.stl","132"
"content\meshes\TorontoHeartAtlas\repo\TorontoHeartAtlas-master\2018018\2018018-01\2018018-01stl\2018018_pa_edited.stl","132"
"content\meshes\TorontoHeartAtlas\repo\TorontoHeartAtlas-master\2018018\2018018-01\2018018-01stl\2018018_right_edited.stl","132"
"content\meshes\TorontoHeartAtlas\repo\TorontoHeartAtlas-master\2018019\2018019-01\2018019-01HighRes\2018019_AO_Aligned.obj","7288761"
"content\meshes\TorontoHeartAtlas\repo\TorontoHeartAtlas-master\2018019\2018019-01\2018019-01HighRes\2018019_LALV_Aligned.obj","11883064"
"content\meshes\TorontoHeartAtlas\repo\TorontoHeartAtlas-master\2018019\2018019-01\2018019-01HighRes\2018019_PA_Aligned.obj","7194306"
"content\meshes\TorontoHeartAtlas\repo\TorontoHeartAtlas-master\2018019\2018019-01\2018019-01HighRes\2018019_RA_Aligned.obj","7162080"
"content\meshes\TorontoHeartAtlas\repo\TorontoHeartAtlas-master\2018019\2018019-01\2018019-01HighRes\2018019_RV_Aligned.obj","9994856"
"content\meshes\TorontoHeartAtlas\repo\TorontoHeartAtlas-master\2018019\2018019-01\2018019-01HighRes\2018019_TR_Aligned.obj","5347931"
"content\meshes\TorontoHeartAtlas\repo\TorontoHeartAtlas-master\2018019\2018019-01\2018019-01LowRes\2018019-01AortaLeftAtriumLeftVentriclelowres.obj","8000271"
"content\meshes\TorontoHeartAtlas\repo\TorontoHeartAtlas-master\2018019\2018019-01\2018019-01LowRes\2018019-01PulmonaryArterylowres.obj","8000258"
"content\meshes\TorontoHeartAtlas\repo\TorontoHeartAtlas-master\2018019\2018019-01\2018019-01LowRes\2018019-01RightAtriumlowres.obj","8000254"
"content\meshes\TorontoHeartAtlas\repo\TorontoHeartAtlas-master\2018019\2018019-01\2018019-01LowRes\2018019-01RightVentriclelowres.obj","8000257"
"content\meshes\TorontoHeartAtlas\repo\TorontoHeartAtlas-master\2018019\2018019-01\2018019-01LowRes\2018019-01Trachealowres.obj","8000250"
"content\meshes\TorontoHeartAtlas\repo\TorontoHeartAtlas-master\2018020\2018020-01\2018020-01HighRes\2018020_AO_Aligned.obj","6077118"
"content\meshes\TorontoHeartAtlas\repo\TorontoHeartAtlas-master\2018020\2018020-01\2018020-01HighRes\2018020_LA_Aligned.obj","6313505"
"content\meshes\TorontoHeartAtlas\repo\TorontoHeartAtlas-master\2018020\2018020-01\2018020-01HighRes\2018020_LV_Aligned.obj","9916339"
"content\meshes\TorontoHeartAtlas\repo\TorontoHeartAtlas-master\2018020\2018020-01\2018020-01HighRes\2018020_PA_Aligned.obj","6552172"
"content\meshes\TorontoHeartAtlas\repo\TorontoHeartAtlas-master\2018020\2018020-01\2018020-01HighRes\2018020_RA_Aligned.obj","6188152"
"content\meshes\TorontoHeartAtlas\repo\TorontoHeartAtlas-master\2018020\2018020-01\2018020-01HighRes\2018020_RV_Aligned.obj","4974322"
"content\meshes\TorontoHeartAtlas\repo\TorontoHeartAtlas-master\2018020\2018020-01\2018020-01HighRes\2018020_TR_Aligned.obj","5773347"
"content\meshes\TorontoHeartAtlas\repo\TorontoHeartAtlas-master\2018020\2018020-01\2018020-01LowRes\2018020-01Aortalowres.mtl.obj","4899674"
"content\meshes\TorontoHeartAtlas\repo\TorontoHeartAtlas-master\2018020\2018020-01\2018020-01LowRes\2018020-01Aortalowres.obj","4899670"
"content\meshes\TorontoHeartAtlas\repo\TorontoHeartAtlas-master\2018020\2018020-01\2018020-01LowRes\2018020-01LeftVentriclelowres.mtl.obj","4899682"
"content\meshes\TorontoHeartAtlas\repo\TorontoHeartAtlas-master\2018020\2018020-01\2018020-01LowRes\2018020-01PulmonaryArterylowres.mtl.obj","4899684"
"content\meshes\TorontoHeartAtlas\repo\TorontoHeartAtlas-master\2018020\2018020-01\2018020-01LowRes\2018020-01RightAtriumlowres.mtl.obj","4899680"
"content\meshes\TorontoHeartAtlas\repo\TorontoHeartAtlas-master\2018020\2018020-01\2018020-01LowRes\2018020-01RightVentriclelowres.mtl.obj","4899683"
"content\meshes\TorontoHeartAtlas\repo\TorontoHeartAtlas-master\2018020\2018020-01\2018020-01LowRes\2018020-01Trachealowres.mtl.obj","4899676"
"content\meshes\TorontoHeartAtlas\repo\TorontoHeartAtlas-master\2018021\2018021-01\2018021-01HighRes\2018021_AO_Aligned.obj","8542962"
"content\meshes\TorontoHeartAtlas\repo\TorontoHeartAtlas-master\2018021\2018021-01\2018021-01HighRes\2018021_LALV_Aligned.obj","5269665"
"content\meshes\TorontoHeartAtlas\repo\TorontoHeartAtlas-master\2018021\2018021-01\2018021-01HighRes\2018021_PA_Aligned.obj","2409127"
"content\meshes\TorontoHeartAtlas\repo\TorontoHeartAtlas-master\2018021\2018021-01\2018021-01HighRes\2018021_RARV_Aligned.obj","6583128"
"content\meshes\TorontoHeartAtlas\repo\TorontoHeartAtlas-master\2018021\2018021-01\2018021-01HighRes\2018021_TR_Aligned.obj","1111925"
"content\meshes\TorontoHeartAtlas\repo\TorontoHeartAtlas-master\2018021\2018021-01\2018021-01LowRes\2018021-01Aortalowres.obj","3178970"
"content\meshes\TorontoHeartAtlas\repo\TorontoHeartAtlas-master\2018021\2018021-01\2018021-01LowRes\2018021-01Esophaguslowres.obj","3178974"
"content\meshes\TorontoHeartAtlas\repo\TorontoHeartAtlas-master\2018021\2018021-01\2018021-01LowRes\2018021-01LeftAtriumLeftVentriclelowres.obj","3178988"
"content\meshes\TorontoHeartAtlas\repo\TorontoHeartAtlas-master\2018021\2018021-01\2018021-01LowRes\2018021-01PulmonaryArterylowres.obj","3178980"
"content\meshes\TorontoHeartAtlas\repo\TorontoHeartAtlas-master\2018021\2018021-01\2018021-01LowRes\2018021-01RightAtriumRightVentriclelowres.obj","3178990"
"content\meshes\TorontoHeartAtlas\repo\TorontoHeartAtlas-master\2018021\2018021-01\2018021-01LowRes\2018021-01Trachealowres.obj","3178972"
"content\meshes\TorontoHeartAtlas\repo\TorontoHeartAtlas-master\2018022\2018022-01\2018022-01 STLs\2018022_aortic_dissection_post_ao_edited.stl","132"
"content\meshes\TorontoHeartAtlas\repo\TorontoHeartAtlas-master\2018022\2018022-01\2018022-01 STLs\2018022_aortic_dissection_post_eso_edited.stl","131"
"content\meshes\TorontoHeartAtlas\repo\TorontoHeartAtlas-master\2018022\2018022-01\2018022-01 STLs\2018022_aortic_dissection_post_la_lv_edited.stl","132"
"content\meshes\TorontoHeartAtlas\repo\TorontoHeartAtlas-master\2018022\2018022-01\2018022-01 STLs\2018022_aortic_dissection_post_pa_edited.stl","131"
"content\meshes\TorontoHeartAtlas\repo\TorontoHeartAtlas-master\2018022\2018022-01\2018022-01 STLs\2018022_aortic_dissection_post_ra_rv_edited.stl","132"
"content\meshes\TorontoHeartAtlas\repo\TorontoHeartAtlas-master\2018022\2018022-01\2018022-01 STLs\2018022_aortic_dissection_post_tr_edited.stl","131"
"content\meshes\TorontoHeartAtlas\repo\TorontoHeartAtlas-master\2018022\2018022-01\2018022-01HighRes\2018022_AO_Aligned.obj","3107661"
"content\meshes\TorontoHeartAtlas\repo\TorontoHeartAtlas-master\2018022\2018022-01\2018022-01HighRes\2018022_LALV_Aligned.obj","2513604"
"content\meshes\TorontoHeartAtlas\repo\TorontoHeartAtlas-master\2018022\2018022-01\2018022-01HighRes\2018022_PA_Aligned.obj","1230144"
"content\meshes\TorontoHeartAtlas\repo\TorontoHeartAtlas-master\2018022\2018022-01\2018022-01HighRes\2018022_RARV_Aligned.obj","3039650"
"content\meshes\TorontoHeartAtlas\repo\TorontoHeartAtlas-master\2018022\2018022-01\2018022-01HighRes\2018022_TR_Aligned.obj","763682"
"content\meshes\TorontoHeartAtlas\repo\TorontoHeartAtlas-master\2018022\2018022-01\2018022-01LowRes\2018022-01Aortalowres.obj","1676533"
"content\meshes\TorontoHeartAtlas\repo\TorontoHeartAtlas-master\2018022\2018022-01\2018022-01LowRes\2018022-01Esophaguslowres.obj","1676537"
"content\meshes\TorontoHeartAtlas\repo\TorontoHeartAtlas-master\2018022\2018022-01\2018022-01LowRes\2018022-01LeftAtriumLeftVentriclelowres.obj","1676551"
"content\meshes\TorontoHeartAtlas\repo\TorontoHeartAtlas-master\2018022\2018022-01\2018022-01LowRes\2018022-01PulmonaryArterylowres.obj","1676543"
"content\meshes\TorontoHeartAtlas\repo\TorontoHeartAtlas-master\2018022\2018022-01\2018022-01LowRes\2018022-01RightArteryRightVentriclelowres.obj","1676553"
"content\meshes\TorontoHeartAtlas\repo\TorontoHeartAtlas-master\2018022\2018022-01\2018022-01LowRes\2018022-01Trachealowres.obj","1676535"
"content\meshes\TorontoHeartAtlas\repo\TorontoHeartAtlas-master\javaHTML\aligned_aorta.obj","4116265"
"content\meshes\TorontoHeartAtlas\repo\TorontoHeartAtlas-master\javaHTML\aligned_la.obj","2698774"
"content\meshes\TorontoHeartAtlas\repo\TorontoHeartAtlas-master\javaHTML\aligned_lv.obj","1915903"
"content\meshes\TorontoHeartAtlas\repo\TorontoHeartAtlas-master\javaHTML\aligned_pa.obj","1285571"
"content\meshes\TorontoHeartAtlas\repo\TorontoHeartAtlas-master\javaHTML\aligned_ra.obj","4091622"
"content\meshes\TorontoHeartAtlas\repo\TorontoHeartAtlas-master\LegacyBlend4WebCode\2018001Legacy\2018001_Aorta.stl","132"
"content\meshes\TorontoHeartAtlas\repo\TorontoHeartAtlas-master\LegacyBlend4WebCode\2018001Legacy\2018001_Left_Atrium.stl","132"
"content\meshes\TorontoHeartAtlas\repo\TorontoHeartAtlas-master\LegacyBlend4WebCode\2018001Legacy\2018001_Left_Ventricle.stl","132"
"content\meshes\TorontoHeartAtlas\repo\TorontoHeartAtlas-master\LegacyBlend4WebCode\2018001Legacy\2018001_Pulmonary_Artery.stl","131"
"content\meshes\TorontoHeartAtlas\repo\TorontoHeartAtlas-master\LegacyBlend4WebCode\2018001Legacy\2018001_Right_Atrium.stl","132"
"content\meshes\TorontoHeartAtlas\repo\TorontoHeartAtlas-master\LegacyBlend4WebCode\2018002Legacy\2018002_Aorta.stl","132"
"content\meshes\TorontoHeartAtlas\repo\TorontoHeartAtlas-master\LegacyBlend4WebCode\2018002Legacy\2018002_Left_Atrium.stl","132"
"content\meshes\TorontoHeartAtlas\repo\TorontoHeartAtlas-master\LegacyBlend4WebCode\2018002Legacy\2018002_Left_Ventricle.stl","131"
"content\meshes\TorontoHeartAtlas\repo\TorontoHeartAtlas-master\LegacyBlend4WebCode\2018002Legacy\2018002_Pulmonary_Artery.stl","132"
"content\meshes\TorontoHeartAtlas\repo\TorontoHeartAtlas-master\LegacyBlend4WebCode\2018002Legacy\2018002_Right_Atrium.stl","132"
"content\meshes\TorontoHeartAtlas\repo\TorontoHeartAtlas-master\LegacyBlend4WebCode\2018002Legacy\2018002_Right_Ventricle.stl","131"
"content\meshes\TorontoHeartAtlas\repo\TorontoHeartAtlas-master\LegacyBlend4WebCode\2018003Legacy\2018003_Aorta.stl","132"
"content\meshes\TorontoHeartAtlas\repo\TorontoHeartAtlas-master\LegacyBlend4WebCode\2018003Legacy\2018003_Pulmonary_Artery.stl","132"
"content\meshes\TorontoHeartAtlas\repo\TorontoHeartAtlas-master\LegacyBlend4WebCode\2018003Legacy\2018003_Sub_Aortic_Ventricle.stl","132"
"content\meshes\TorontoHeartAtlas\repo\TorontoHeartAtlas-master\LegacyBlend4WebCode\2018003Legacy\2018003_Sub_Arotic_Atrium.stl","132"
"content\meshes\TorontoHeartAtlas\repo\TorontoHeartAtlas-master\LegacyBlend4WebCode\2018003Legacy\2018003_Sub_Pulmonic_Atrium.stl","132"
"content\meshes\TorontoHeartAtlas\repo\TorontoHeartAtlas-master\LegacyBlend4WebCode\2018003Legacy\2018003_Sub_Pulmonic_Ventricle.stl","132"
"content\meshes\TorontoHeartAtlas\repo\TorontoHeartAtlas-master\LegacyBlend4WebCode\2018004BaffleLeak\2018004_Baffle_Leak_Aorta.stl","132"
"content\meshes\TorontoHeartAtlas\repo\TorontoHeartAtlas-master\LegacyBlend4WebCode\2018004BaffleLeak\2018004_Baffle_Leak_Left_Side.stl","132"
"content\meshes\TorontoHeartAtlas\repo\TorontoHeartAtlas-master\LegacyBlend4WebCode\2018004BaffleLeak\2018004_Baffle_Leak_Pulmonic_Artery.stl","132"
"content\meshes\TorontoHeartAtlas\repo\TorontoHeartAtlas-master\LegacyBlend4WebCode\2018004BaffleLeak\2018004_Baffle_Leak_Right_Side.stl","132"
"content\meshes\TorontoHeartAtlas\repo\TorontoHeartAtlas-master\LegacyBlend4WebCode\2018016Legacy\2018016_Aorta.stl","132"
"content\meshes\TorontoHeartAtlas\repo\TorontoHeartAtlas-master\LegacyBlend4WebCode\2018016Legacy\2018016_Left_Atrium.stl","132"
"content\meshes\TorontoHeartAtlas\repo\TorontoHeartAtlas-master\LegacyBlend4WebCode\2018016Legacy\2018016_Left_Ventricle.stl","132"
"content\meshes\TorontoHeartAtlas\repo\TorontoHeartAtlas-master\LegacyBlend4WebCode\2018016Legacy\2018016_Pulmonary_Artery.stl","132"
"content\meshes\TorontoHeartAtlas\repo\TorontoHeartAtlas-master\LegacyBlend4WebCode\2018016Legacy\2018016_Right_Atrium.stl","132"
"content\meshes\TorontoHeartAtlas\repo\TorontoHeartAtlas-master\LegacyBlend4WebCode\2018016Legacy\2018016_Right_Ventricle.stl","132"
"content\meshes\TorontoHeartAtlas\repo\TorontoHeartAtlas-master\LegacyBlend4WebCode\2018017Legacy\2018017_atria_aorta.stl","132"
"content\meshes\TorontoHeartAtlas\repo\TorontoHeartAtlas-master\LegacyBlend4WebCode\2018017Legacy\2018017_atria_ventricle.stl","132"
"content\meshes\TorontoHeartAtlas\repo\TorontoHeartAtlas-master\LegacyBlend4WebCode\2018017Legacy\2018017_vena_cava.stl","132"
"content\meshes\TorontoHeartAtlas\repo\TorontoHeartAtlas-master\RegularHeart\HighRes\AH_3_Ao.stl","132"
"content\meshes\TorontoHeartAtlas\repo\TorontoHeartAtlas-master\RegularHeart\HighRes\AH_3_LA.stl","133"
"content\meshes\TorontoHeartAtlas\repo\TorontoHeartAtlas-master\RegularHeart\HighRes\AH_3_LV.stl","133"
"content\meshes\TorontoHeartAtlas\repo\TorontoHeartAtlas-master\RegularHeart\HighRes\AH_3_pulm_art.stl","132"
"content\meshes\TorontoHeartAtlas\repo\TorontoHeartAtlas-master\RegularHeart\HighRes\AH_3_RA.stl","132"
"content\meshes\TorontoHeartAtlas\repo\TorontoHeartAtlas-master\RegularHeart\HighRes\AH_3_RV.stl","132"
"content\meshes\TorontoHeartAtlas\repo\TorontoHeartAtlas-master\RegularHeart\HighRes\NORMAL_AO.obj","1922529"
"content\meshes\TorontoHeartAtlas\repo\TorontoHeartAtlas-master\RegularHeart\HighRes\NORMAL_LA.obj","3098967"
"content\meshes\TorontoHeartAtlas\repo\TorontoHeartAtlas-master\RegularHeart\HighRes\NORMAL_LV.obj","3725052"
"content\meshes\TorontoHeartAtlas\repo\TorontoHeartAtlas-master\RegularHeart\HighRes\NORMAL_PA.obj","2436887"
"content\meshes\TorontoHeartAtlas\repo\TorontoHeartAtlas-master\RegularHeart\HighRes\NORMAL_RA.obj","1847899"
"content\meshes\TorontoHeartAtlas\repo\TorontoHeartAtlas-master\RegularHeart\HighRes\NORMAL_RV.obj","2166193"
